state,district,age_5_17,bio_age_5_17,sync_score
Bihar,Pashchim Champaran,10737,40,261.8780487804878
Karnataka,Bengaluru Rural,730,5,121.66666666666667
Gujarat,Banas Kantha,6719,59,111.98333333333333
Meghalaya,Eastern West Khasi Hills,226,2,75.33333333333333
Rajasthan,Jalore,183,3,45.75
Tamil Nadu,Kanchipuram,89,1,44.5
Gujarat,Sabar Kantha,1197,59,19.95
Gujarat,Panch Mahals,444,22,19.304347826086957
Gujarat,Surendranagar,593,46,12.617021276595745
Assam,Dima Hasao,103,11,8.583333333333334
Karnataka,Bengaluru South,183,23,7.625
Rajasthan,Deeg,36,4,7.2
Sikkim,Namchi,7,0,7.0
Nagaland,Shamator,221,36,5.972972972972973
Meghalaya,South Garo Hills,2427,584,4.148717948717949
Meghalaya,East Garo Hills,3366,975,3.4487704918032787
Bihar,Bhabua,17,4,3.4
Gujarat,Dohad,7330,2168,3.379437528815122
Manipur,Pherzawl,10,2,3.3333333333333335
Bihar,Monghyr,20,5,3.3333333333333335
Bihar,Sheikpura,18,5,3.0
Bihar,Samstipur,41,13,2.9285714285714284
Meghalaya,West Khasi Hills,8178,3326,2.4580703336339043
Gujarat,Ahmadabad,2322,958,2.421272158498436
Bihar,Purba Champaran,66,27,2.357142857142857
Meghalaya,North Garo Hills,1854,816,2.269277845777234
Chhattisgarh,Manendragarh–Chirmiri–Bharatpur,106,46,2.25531914893617
Orissa,Nabarangapur,2,0,2.0
Odisha,Anugal,2,0,2.0
Jammu & Kashmir,Kargil,2,0,2.0
Maharashtra,Nandurbar *,33,16,1.9411764705882353
Assam,Tamulpur District,33,17,1.8333333333333333
Rajasthan,Deeg ,7,3,1.75
Bihar,Aurangabad(bh),61,34,1.7428571428571429
Meghalaya,East Khasi Hills,14606,8982,1.625960146944228
Meghalaya,Ri Bhoi,4598,2847,1.6144662921348314
Bihar,Aurangabad(BH),3,1,1.5
Meghalaya,West Jaintia Hills,5636,4302,1.3097838717174064
Uttar Pradesh,Barabanki,922,789,1.1670886075949367
Meghalaya,East Jaintia Hills,2354,2042,1.1522271169848262
Assam,Bajali,8,6,1.1428571428571428
Uttar Pradesh,Bulandshahar,70,61,1.1290322580645162
Uttar Pradesh,Jyotiba Phule Nagar,23,20,1.0952380952380953
Nagaland,Noklak,246,227,1.0789473684210527
West Bengal,nadia,1,0,1.0
Westbengal,Hooghly,3,2,1.0
Mizoram,Khawzawl,7,6,1.0
Jammu & Kashmir,Kupwara,1,0,1.0
Assam,Sribhumi,43,42,1.0
Orissa,Sundergarh,1,0,1.0
Uttar Pradesh,Sant Ravidas Nagar Bhadohi,47,47,0.9791666666666666
Nagaland,Longleng,636,671,0.9464285714285714
Assam,West Karbi Anglong,987,1084,0.9096774193548387
West  Bengal,Hooghly,6,6,0.8571428571428571
Meghalaya,West Garo Hills,6790,8275,0.8204446592556791
Meghalaya,South West Khasi Hills,1543,1894,0.8142480211081794
Uttar Pradesh,Raebareli,3,3,0.75
Uttar Pradesh,Mahrajganj,9,11,0.75
West Bengal,Hawrah,3,3,0.75
Madhya Pradesh,Mauganj,58,83,0.6904761904761905
Meghalaya,South West Garo Hills,1656,2485,0.666130329847144
Maharashtra,Raigarh(MH),16,24,0.64
Andhra Pradesh,Mahabub Nagar,432,822,0.5249088699878494
Maharashtra,Ahilyanagar,1,1,0.5
West Bengal,KOLKATA,1,1,0.5
West Bengal,South 24 Pargana,1,1,0.5
Tamil Nadu,Tuticorin,1,1,0.5
West Bengal,West Medinipur,1,1,0.5
WEST BENGAL,HOOGHLY,1,1,0.5
Chhattisgarh,Khairagarh Chhuikhadan Gandai,63,132,0.47368421052631576
West Bengal,Hugli,46,97,0.46938775510204084
Nagaland,Peren,843,1819,0.4631868131868132
West Bengal,Alipurduar,1714,3735,0.458779443254818
Arunachal Pradesh,Longding,719,1611,0.446029776674938
Nagaland,Kiphire,693,1576,0.4394419784400761
Maharashtra,Chhatrapati Sambhajinagar,365,842,0.43297746144721233
Arunachal Pradesh,Kamle,25,57,0.43103448275862066
Nagaland,Phek,695,1620,0.42874768661320173
Dadra and Nagar Haveli and Daman and Diu,Diu,6,13,0.42857142857142855
West Bengal,Kalimpong,184,442,0.4153498871331828
West Bengal,Koch Bihar,1111,2719,0.40845588235294117
Nagaland,Zunheboto,583,1477,0.3944519621109608
Nagaland,Chumukedima,97,245,0.3943089430894309
Rajasthan,Dhaulpur,46,117,0.3898305084745763
West Bengal,North Dinajpur,79,205,0.38349514563106796
Nagaland,Tuensang,983,2650,0.3708034703885326
West Bengal,Darjiling,189,541,0.34870848708487084
Jammu & Kashmir,Rajauri,1,2,0.3333333333333333
Uttar Pradesh,Bagpat,1,2,0.3333333333333333
Jammu & Kashmir,Badgam,2,5,0.3333333333333333
Orissa,Khorda,1,2,0.3333333333333333
Pondicherry,Yanam,2,5,0.3333333333333333
West Bangal,Howrah,2,5,0.3333333333333333
Assam,Golaghat,4047,12369,0.32716248989490704
Bihar,Nawada,12380,38447,0.321993341656263
Kerala,Kasargod,64,211,0.3018867924528302
Nagaland,Kohima,952,3226,0.2950108459869848
Jammu & Kashmir,Jammu,10,33,0.29411764705882354
Manipur,Churachandpur,3274,11461,0.28563950444948527
Nagaland,Tseminyu,15,53,0.2777777777777778
Nagaland,Mon,1434,5267,0.2722095671981777
Jharkhand,Sahibganj,178,654,0.2717557251908397
Bihar,Saran,16407,63026,0.2603170069970013
Bihar,Bhojpur,10115,39485,0.2561667426429621
Jammu & Kashmir,Srinagar,1,3,0.25
West Bengal,HOWRAH,1,3,0.25
West Bengal,hooghly,1,3,0.25
Bihar,Arwal,3020,12094,0.2496899545266639
West Bengal,Uttar Dinajpur,8127,32722,0.2483574244415243
West Bengal,Purulia,243,979,0.2479591836734694
Bihar,Jehanabad,3827,15681,0.24403775028695318
Bihar,West Champaran,18070,75467,0.2394392325223936
Maharashtra,Bid,129,538,0.23933209647495363
Assam,Tinsukia,2867,12082,0.23727551104858066
Bihar,Gaya,20244,85898,0.2356721265672476
Maharashtra,Dharashiv,28,121,0.22950819672131148
Bihar,Sitamarhi,18856,84925,0.22202858959564797
Orissa,Rayagada,35,162,0.2147239263803681
Chhattisgarh,Sarangarh-Bilaigarh,24,113,0.21052631578947367
Bihar,Nalanda,10763,51140,0.21045736297686787
Nagaland,Wokha,410,1973,0.2077001013171226
Bihar,Gopalganj,9649,46818,0.20609154403126936
Assam,Karimganj,4903,24232,0.2023274047786077
Manipur,Jiribam,91,452,0.20088300220750552
Delhi,New Delhi,502,2501,0.2006394884092726
Telangana,Warangal (urban),1,4,0.2
Maharashtra,Chatrapati Sambhaji Nagar,81,413,0.1956521739130435
Delhi,Shahdara,515,2658,0.19368183527641972
Nagaland,Dimapur,1802,9331,0.19309901414487785
Bihar,East Champaran,18371,95935,0.19149224482988658
Uttar Pradesh,Maharajganj,11265,58855,0.1913993475601468
Sikkim,South Sikkim,247,1299,0.19
Uttar Pradesh,Gautam Buddha Nagar,9318,49113,0.18972187156411613
Bihar,Buxar,4648,24831,0.1871778350515464
West Bengal,Darjeeling,2579,13781,0.18712813815121174
Rajasthan,Jhunjhunu,101,541,0.1863468634686347
Orissa,Kendujhar,10,53,0.18518518518518517
Bihar,Patna,17151,93322,0.18378106147466328
Chhattisgarh,Janjgir Champa,4,21,0.18181818181818182
Maharashtra,Raigad,743,4153,0.17886374578719308
Uttar Pradesh,Ayodhya,634,3617,0.1752349364289663
Orissa,Sambalpur,4,22,0.17391304347826086
Maharashtra,Mumbai( Sub Urban ),79,454,0.17362637362637362
West Bengal,Haora,917,5290,0.1733131733131733
Delhi,Najafgarh,9,51,0.17307692307692307
West Bengal,Kolkata,4610,26755,0.172297802362087
Bihar,Siwan,9025,52907,0.17057911846979662
Uttar Pradesh,Bahraich,22360,131149,0.17049180327868851
Delhi,North East,408,2393,0.17042606516290726
West Bengal,Maldah,566,3369,0.1679525222551929
West bengal,hooghly,1,5,0.16666666666666666
Jammu & Kashmir,Anantnag,1,5,0.16666666666666666
Chhattisgarh,Janjgir - Champa,1,5,0.16666666666666666
Chhattisgarh,Bijapur,1761,10757,0.16369213608477412
Bihar,Munger,3534,21620,0.16345219925072846
Assam,Karbi Anglong,4107,25507,0.16100831111808062
West Bengal,Cooch Behar,3220,20061,0.16050244242847173
Assam,Sonitpur,2723,17454,0.1560011458034947
Manipur,Tamenglong,634,4067,0.15585054080629301
Orissa,Anugul,9,57,0.15517241379310345
Bihar,Saharsa,6577,42412,0.15507037936481738
Bihar,Aurangabad,7096,46556,0.15241531885645554
Bihar,Muzaffarpur,14103,93075,0.15152133740169324
Bihar,Lakhisarai,3423,22610,0.15138649329972137
Assam,Marigaon,2928,19361,0.15122404710257203
Assam,North Cachar Hills,420,2782,0.15091627739849084
Uttar Pradesh,Gorakhpur,12090,81386,0.14854952265103763
Nagaland,Mokokchung,315,2120,0.1485148514851485
Maharashtra,Gondia,4,26,0.14814814814814814
Assam,Dhemaji,1846,12494,0.1477390956382553
Madhya Pradesh,East Nimar,1500,10364,0.1447178002894356
West Bengal,Bardhaman,428,2974,0.1438655462184874
Orissa,Baleswar,1,6,0.14285714285714285
West Bengal,MALDA,1,6,0.14285714285714285
Tamil Nadu,Thiruvallur,134,939,0.1425531914893617
Uttar Pradesh,Azamgarh,13577,95316,0.1424404880556459
Uttarakhand,Hardwar,28,196,0.14213197969543148
Bihar,Bhagalpur,10229,72409,0.14126501864383373
West Bengal,South Twenty Four Parganas,1125,7977,0.14101278515918778
Assam,Kamrup Metro,2055,14584,0.1408981830647926
West Bengal,North Twenty Four Parganas,399,2855,0.13970588235294118
West Bengal,Jalpaiguri,4442,32134,0.13822934495098801
Jammu & Kashmir,Baramula,4,28,0.13793103448275862
Jharkhand,Pakur,2908,21113,0.13772852136023492
Uttar Pradesh,Mainpuri,6483,47533,0.13638658644338789
Uttar Pradesh,Kanpur Nagar,12606,92823,0.13580539515642506
Rajasthan,Sirohi,4853,35757,0.13571788131327256
Karnataka,yadgir,116,856,0.1353558926487748
Nagaland,Niuland,15,110,0.13513513513513514
Orissa,Malkangiri,7,51,0.1346153846153846
Uttar Pradesh,Siddharthnagar,8739,65033,0.1343758649321893
Bihar,Vaishali,9698,72298,0.1341374016238122
Jharkhand,Palamau,66,496,0.13279678068410464
Uttar Pradesh,Varanasi,13404,102481,0.1307937003571359
Assam,Goalpara,2220,17021,0.13041945717307016
Madhya Pradesh,Jhabua,6570,50578,0.1298958065600348
Jharkhand,Hazaribag,208,1605,0.1295143212951432
Uttarakhand,Garhwal,4,30,0.12903225806451613
West Bengal,South Dinajpur,71,554,0.12792792792792793
Punjab,Nawanshahr,23,179,0.12777777777777777
Assam,South Salmara Mankachar,364,2855,0.12745098039215685
Bihar,Kaimur (Bhabua),4707,37550,0.12534952464648078
Jharkhand,Garhwa *,67,535,0.125
Chhattisgarh,Sakti,80,644,0.12403100775193798
West Bengal,West Midnapore,540,4390,0.1229788203142792
Rajasthan,Chittaurgarh,70,569,0.12280701754385964
Andhra Pradesh,Tirupati,689,5633,0.1222932197373092
Jharkhand,Giridih,6526,53614,0.12171966800335728
West Bengal,Medinipur,3,24,0.12
Uttar Pradesh,Balrampur,7907,66623,0.1186809558117195
Assam,Darrang,1914,16240,0.11784988609075796
Uttar Pradesh,Prayagraj,1255,10696,0.11732261381695802
Telangana,Jangaon,15,128,0.11627906976744186
Bihar,Sheikhpura,1934,16884,0.11453953212910868
Jharkhand,Seraikela-kharsawan,316,2760,0.1144512857660268
Rajasthan,Jalor,5875,51608,0.11383673390300142
Bihar,Madhubani,12534,110514,0.11341446862416867
Sikkim,West Sikkim,256,2262,0.11312417145382236
Assam,Kamrup,3370,30056,0.11212030475430017
Assam,Dibrugarh,1675,14970,0.11188297374924855
Jharkhand,Deoghar,3679,33194,0.11082994426871517
Orissa,Koraput,25,229,0.10869565217391304
Orissa,Jajapur,18,165,0.10843373493975904
Chhattisgarh,Mohalla-Manpur-Ambagarh Chowki,4,36,0.10810810810810811
Manipur,Chandel,510,4719,0.10805084745762712
Bihar,Jamui,5029,46558,0.10801348826220494
Assam,Cachar,4513,42167,0.1070242838171125
Madhya Pradesh,Barwani,8355,78193,0.10684963040642505
Assam,Lakhimpur,1825,17189,0.10616637579988365
Sikkim,South,108,1018,0.10598626104023552
Uttar Pradesh,Mau,4942,46911,0.1053461800818554
Assam,Hojai,1607,15271,0.10522524882137245
Assam,Jorhat,1122,10704,0.10481083605791686
Arunachal Pradesh,Shi-yomi,22,210,0.10426540284360189
Uttar Pradesh,Ghaziabad,10693,103385,0.10342793028069565
West Bengal,Malda,3956,38434,0.10292701964355405
Bihar,Rohtas,5120,50054,0.10228748376785536
Punjab,S.A.S Nagar(Mohali),36,351,0.10227272727272728
Assam,Udalguri,1322,12995,0.10172360726377347
Assam,Baksa,1179,11602,0.10161165215892441
Madhya Pradesh,Maihar,20,196,0.10152284263959391
Assam,Hailakandi,1441,14201,0.1014645824531756
Madhya Pradesh,Sheopur,3326,32840,0.10127584421911635
Madhya Pradesh,Alirajpur,3390,33490,0.10122122361231375
Jharkhand,Kodarma,126,1247,0.10096153846153846
Orissa,Sundargarh,18,180,0.09944751381215469
Telangana,Mulugu,233,2353,0.0989804587935429
West Bengal,Jhargram,171,1747,0.09782608695652174
Bihar,Supaul,4563,47023,0.09703555631167064
Uttar Pradesh,Unnao,8943,92856,0.09630937893750606
Bihar,Banka,4797,49854,0.09621903520208605
Bihar,Khagaria,3779,39283,0.09619692495672538
Uttar Pradesh,Shahjahanpur,11033,114767,0.0961330684511362
Uttar Pradesh,Sultanpur,5837,60800,0.0960017104981826
Uttar Pradesh,Budaun,7407,77268,0.09585991794898342
Assam,Dhubri,3849,40373,0.09533363055431714
Uttar Pradesh,Banda,5563,58396,0.09526174289775159
Jharkhand,Pakaur,100,1049,0.09523809523809523
West Bengal,Puruliya,3412,36223,0.09419169611307421
Madhya Pradesh,Bhind,4845,51439,0.09418740279937791
Uttar Pradesh,Jaunpur,10237,109148,0.09378922390493728
Andhra Pradesh,Sri Potti Sriramulu Nellore,622,6668,0.09326735642525116
Uttar Pradesh,Rampur,7757,83353,0.09306092089161888
Uttar Pradesh,Kheri,12841,139638,0.09195855026174636
Uttar Pradesh,Lucknow,11321,123838,0.09141708185628114
Bihar,Sheohar,1184,12986,0.09116809116809117
West Bangal,Hooghly,1,10,0.09090909090909091
Rajasthan,Bikaner,5620,62218,0.0903261061733554
Uttar Pradesh,Meerut,9598,109237,0.08786319778831542
Uttar Pradesh,Shrawasti,3151,35921,0.08771783308279049
Chhattisgarh,Mohla-Manpur-Ambagarh Chouki,93,1060,0.08765315739868049
West Bengal,Paschim Bardhaman,318,3659,0.08688524590163935
Jharkhand,Chatra,2819,32491,0.08675981780130494
Assam,Kokrajhar,1572,18300,0.08589694552210261
Bihar,Purnea,88,1027,0.08560311284046693
Bihar,Madhepura,4417,51666,0.08548977103373527
Telangana,Wanaparthy,401,4693,0.08542820622070729
Rajasthan,Bharatpur,6643,78011,0.08515356611803312
Uttar Pradesh,Baghpat,3203,37736,0.08487691125420675
Gujarat,Morbi,1803,21440,0.0840912270882888
Bihar,Samastipur,7787,93161,0.08358558210429146
Orissa,Kendrapara,4,47,0.08333333333333333
Uttar Pradesh,Agra,12691,152308,0.08332403206639134
Telangana,Jayashankar Bhupalpally,173,2077,0.08325312800769971
Madhya Pradesh,Narsimhapur,223,2685,0.08302308265078183
Andhra Pradesh,K.V.Rangareddy,14,168,0.08284023668639054
Arunachal Pradesh,Kra Daadi,59,717,0.08217270194986072
Jharkhand,Dumka,2996,36526,0.08202151832890739
Uttar Pradesh,Aligarh,11776,144160,0.08168644779101143
Uttar Pradesh,Hardoi,12290,150577,0.08161882877976863
Odisha,Jajpur,7,85,0.08139534883720931
Madhya Pradesh,Burhanpur,2759,33915,0.08134803632503833
Madhya Pradesh,Morena,7647,94466,0.08094890279145098
Uttar Pradesh,Chandauli,4986,61634,0.0808955950352884
Nagaland,Meluri,13,160,0.08074534161490683
Tamil Nadu,Chengalpattu,319,3965,0.08043368633383761
Madhya Pradesh,Gwalior,5602,69790,0.08026822942786319
West Bengal,South 24 Parganas,8197,102758,0.07976916863729698
Mizoram,Saitual,3,37,0.07894736842105263
Assam,Nagaon,3478,44214,0.07866108786610879
Uttar Pradesh,Fatehpur,5582,71340,0.0782439270545689
Gujarat,Banaskantha,5781,74015,0.07810473411154345
Jharkhand,Dhanbad,4061,52546,0.0772831940929073
Orissa,Mayurbhanj,1,12,0.07692307692307693
Uttar Pradesh,Ambedkar Nagar,4096,53320,0.07681776410794997
Jharkhand,Khunti,1173,15296,0.07668170229456757
Uttar Pradesh,Bhadohi,277,3621,0.07647708448371066
Telangana,Narayanpet,224,2929,0.07645051194539249
Bihar,Araria,5515,72533,0.07603330851738495
Chhattisgarh,Balrampur,1528,20113,0.07596698816744556
Uttar Pradesh,Ghazipur,6894,91279,0.07552585451358458
Uttar Pradesh,Kushinagar,6132,81324,0.07540116815247463
Uttar Pradesh,Ballia,5860,77756,0.07536298982728243
Assam,Biswanath,464,6159,0.07532467532467532
Uttar Pradesh,Basti,5216,69272,0.07529629148441673
Uttar Pradesh,Gonda,7494,99643,0.075207739552808
Jammu and Kashmir,Kargil,139,1848,0.07517577068685775
Jharkhand,Gumla,2524,33578,0.07516602638553858
Jharkhand,Ranchi,4613,61673,0.07479651068521581
West Bengal,Purba Bardhaman,390,5236,0.07447011647890013
Madhya Pradesh,Agar Malwa,421,5721,0.07357567284166375
Assam,Majuli,157,2139,0.07336448598130842
Bihar,Purnia,7721,106033,0.07281626648056284
Jharkhand,Sahebganj,2670,36759,0.07263329706202394
Odisha,Anugul,26,357,0.07262569832402235
Sikkim,West,111,1530,0.07250163291966036
West Bengal,Howrah,3124,43092,0.07249437263592695
Uttar Pradesh,Mathura,5766,79993,0.07208040603045228
Jharkhand,Jamtara,1274,17787,0.07162131774229819
Uttar Pradesh,Kanpur Dehat,3802,53708,0.07078888082071906
Karnataka,Bagalkot *,31,439,0.07045454545454545
Uttar Pradesh,Hapur,2771,39349,0.07041931385006353
Madhya Pradesh,Narmadapuram,100,1420,0.07037297677691766
Rajasthan,Churu,4732,67446,0.07015879134728009
Ladakh,Kargil,120,1711,0.07009345794392523
West Bengal,Nadia,3623,51700,0.07007601400359761
Gujarat,Chhotaudepur,1303,18603,0.07003870135454741
Jharkhand,Pashchimi Singhbhum,252,3615,0.06969026548672566
Bihar,Begusarai,5045,72549,0.0695382494831151
Uttar Pradesh,Kannauj,3455,49715,0.06949473006677931
Telangana,Rangareddy,61,878,0.06939704209328783
Uttar Pradesh,Sitapur,13869,200310,0.06923733594260924
Uttar Pradesh,Deoria,5443,78834,0.06904293778144226
Orissa,Jagatsinghapur,4,57,0.06896551724137931
Andhra Pradesh,Mahbubnagar,211,3060,0.06893172165958837
Uttar Pradesh,Etah,4345,63551,0.06836920946626385
Arunachal Pradesh,Siang,60,880,0.0681044267877412
Maharashtra,Thane,13629,202896,0.0671720133861023
Maharashtra,Dhule,4842,72244,0.0670219392345491
Assam,Nalbari,977,14657,0.06665302224041479
Madhya Pradesh,Chhatarpur,5965,89515,0.06663613208811832
Manipur,Ukhrul,424,6363,0.0666247642991829
Jharkhand,Lohardaga,919,13862,0.06629156748178605
Maharashtra,Washim *,4,60,0.06557377049180328
Chhattisgarh,Bastar,1808,27648,0.06539115338710261
Sikkim,North,10,152,0.06535947712418301
Madhya Pradesh,Datia,1805,27648,0.06528265036710189
Telangana,Medchal-malkajgiri,900,13800,0.06521266574885878
Gujarat,Dahod,3891,60236,0.06459485034115245
Odisha,NUAPADA,4,61,0.06451612903225806
Rajasthan,Udaipur,6073,95310,0.06371772408221506
Gujarat,Patan,2228,35135,0.06341074681238616
Telangana,Vikarabad,506,7987,0.06334501752628943
Sikkim,East,153,2428,0.06298888431453273
Uttar Pradesh,Sant Kabir Nagar,3343,53729,0.062218499906942115
Jharkhand,Koderma,1114,17953,0.062047454606215885
Assam,Sibsagar,514,8287,0.06201737451737452
Delhi,West Delhi,4405,71164,0.061898405114873885
Jharkhand,Ramgarh,1066,17337,0.06148344676433268
Chhattisgarh,Kondagaon,1054,17291,0.060953041869072404
Rajasthan,Chittorgarh,2160,35481,0.060875937094865
Bihar,Darbhanga,5677,93323,0.060831083108310834
Uttar Pradesh,Firozabad,4926,81603,0.06036468800548993
Uttar Pradesh,Moradabad,6131,101759,0.060249606918238996
Uttar Pradesh,Bareilly,10017,166397,0.06019904085385642
West Bengal,North 24 Parganas,5741,96368,0.05957309923315589
Telangana,Hanumakonda,109,1831,0.05949781659388646
Assam,Chirang,1071,18078,0.05924000221251175
Maharashtra,Gondiya *,4,67,0.058823529411764705
Odisha,Khordha,98,1672,0.058577405857740586
Rajasthan,Jodhpur,6724,114854,0.05854338078446737
Rajasthan,Alwar,7314,124960,0.05853026144156977
Tamil Nadu,Kallakurichi,149,2550,0.05840846726773814
Uttar Pradesh,Kasganj,2977,51039,0.05832680250783699
Chhattisgarh,Sukma,804,13922,0.05774617539323422
Rajasthan,Banswara,3030,52757,0.05743204822017514
Telangana,Bhadradri Kothagudem,682,11882,0.057392914247243965
Uttar Pradesh,Chitrakoot,2436,42495,0.0573230421686747
Madhya Pradesh,Khargone,4663,81463,0.05724000785623097
Arunachal Pradesh,Leparada,2,34,0.05714285714285714
Manipur,Senapati,721,12619,0.05713153724247227
Karnataka,Davanagere,46,806,0.057001239157372985
Uttar Pradesh,Sant Ravidas Nagar,2547,44701,0.056977316451165494
Rajasthan,Dholpur,2711,47710,0.056821278111965794
Rajasthan,Jaipur,8976,158293,0.056704612935423955
Uttar Pradesh,Jalaun,2641,46744,0.056498021178735695
Uttar Pradesh,Bulandshahr,7521,133979,0.056135244066278546
Punjab,Ludhiana,4573,81491,0.05611593776076179
Uttar Pradesh,Amethi,3251,57942,0.05610686364185492
Arunachal Pradesh,Changlang,304,5436,0.05591318741953283
Uttar Pradesh,Etawah,2865,51467,0.05566565633014689
Uttar Pradesh,Pratapgarh,4386,78855,0.055620371309729126
Uttar Pradesh,Mirzapur,4101,73940,0.05546313953016594
Orissa,Cuttack,57,1033,0.0551257253384913
Assam,Charaideo,336,6096,0.05510907003444317
West Bengal,Hooghly,3853,70325,0.05478770298324944
Haryana,Faridabad,3225,58976,0.05468233379113892
Madhya Pradesh,Shivpuri,4867,90683,0.05366988663931895
Rajasthan,Karauli,2670,49784,0.05363061163000904
Jharkhand,Hazaribagh,2048,38357,0.05339173053860994
Madhya Pradesh,West Nimar,136,2548,0.05335425657120439
West Bengal,Paschim Medinipur,3695,69346,0.0532827663777813
Uttar Pradesh,Farrukhabad,2944,55262,0.05327253315961855
Sikkim,East Sikkim,136,2607,0.05214723926380368
Rajasthan,Nagaur,5441,104709,0.05196256326998377
Orissa,Khordha,97,1868,0.051899411449973246
Rajasthan,Dungarpur,2649,51452,0.051483878491050086
Madhya Pradesh,Pandhurna,4,78,0.05063291139240506
Manipur,Kakching,69,1363,0.050586510263929615
Madhya Pradesh,Harda *,107,2126,0.05030559473436765
West Bengal,Dakshin Dinajpur,1069,21351,0.05006556762832522
Arunachal Pradesh,Lower Siang,18,359,0.05
Orissa,Kandhamal,2,39,0.05
Bihar,Katihar,4903,98243,0.0499063556044135
Arunachal Pradesh,Papum Pare,241,4835,0.049834574028122414
Assam,Barpeta,3306,66392,0.04979440603678099
Telangana,Jogulamba Gadwal,299,6006,0.04977526219410688
Maharashtra,Mumbai Suburban,4946,99373,0.04977157002837764
Pondicherry,Karaikal,8,160,0.049689440993788817
Jharkhand,Bokaro,2278,45931,0.049595053557432725
Uttar Pradesh,Pilibhit,4631,94560,0.04897367836634554
Uttar Pradesh,Sambhal,3816,78323,0.048720698636433274
Rajasthan,Sawai Madhopur,2083,42901,0.04855251503426414
West Bengal,Murshidabad,4383,90308,0.0485333687672325
Delhi,North East Delhi,3749,77278,0.04851253251206667
Delhi,North Delhi,1230,25642,0.04796630659439223
Jharkhand,Godda,2135,44532,0.04794197561358992
Rajasthan,Bhilwara,3035,63856,0.04752807053259627
Rajasthan,Jhalawar,2002,42460,0.047149148630507995
Gujarat,Rajkot,3732,79522,0.046929819046062145
Karnataka,Bengaluru,6732,144086,0.04672177226259135
Uttar Pradesh,Saharanpur,5359,114742,0.04670437412304018
Uttar Pradesh,Rae Bareli,3875,83330,0.04650130203645702
Gujarat,Surat,6399,138828,0.04609267516152965
Madhya Pradesh,Indore,5009,108940,0.04597901616471301
Odisha,jajpur,4,86,0.04597701149425287
Gujarat,Botad,474,10356,0.04576614849859998
Delhi,East Delhi,2458,53829,0.04566227010960431
Madhya Pradesh,Dhar,3553,77936,0.045588103211568316
Rajasthan,Barmer,5233,114905,0.04554157311193497
Madhya Pradesh,Umaria,906,19901,0.04552306300874284
Jammu and Kashmir,Reasi,570,12538,0.04545817050801499
Karnataka,Bijapur,930,20574,0.04520048602673147
Madhya Pradesh,Katni,2410,53755,0.04483220477714116
Madhya Pradesh,Panna,2404,53832,0.044656623260825146
Karnataka,Chikmagalur,9,201,0.04455445544554455
Jharkhand,West Singhbhum,2589,58306,0.04440290188142076
Rajasthan,Jaisalmer,1120,25276,0.044309055663251176
Maharashtra,Aurangabad,4874,110323,0.04417896377941336
Uttar Pradesh,Faizabad,2871,65237,0.04400809344247218
Odisha,Nabarangapur,1990,45252,0.04397498508386184
Orissa,Baleshwar,47,1068,0.04396632366697849
Orissa,Balangir,108,2473,0.043654001616814875
Jharkhand,Purbi Singhbhum,172,3984,0.04316185696361355
Andhra Pradesh,Hyderabad,1008,23363,0.04314329738058552
Uttar Pradesh,Hathras,2596,60241,0.04309285880282859
Karnataka,Vijayanagara,241,5607,0.04297432239657632
West Bengal,Birbhum,2041,47630,0.04285024458860826
Chhattisgarh,Narayanpur,306,7156,0.04275534441805225
Telangana,Mahabubabad,253,5922,0.04271484045247341
Kerala,Malappuram,4116,96696,0.04256595344219573
Mizoram,Lawngtlai,381,8990,0.04237570904237571
Telangana,Hyderabad,5600,133421,0.04197208856110687
Tripura,Sepahijala,577,13756,0.041942283928182014
Delhi,Central Delhi,993,23688,0.041918189877158174
Jharkhand,Latehar,923,22149,0.041670428893905195
Rajasthan,Rajsamand,1405,33770,0.041603742856296824
Rajasthan,Sikar,3061,73998,0.04136542385707915
West Bengal,East Midnapore,318,7721,0.041181041181041184
Dadra & Nagar Haveli,Dadra & Nagar Haveli,3,72,0.0410958904109589
Uttar Pradesh,Kaushambi,3038,74241,0.0409202338299076
Gujarat,Gir Somnath,975,23900,0.040793272248023094
Orissa,Dhenkanal,18,441,0.04072398190045249
Rajasthan,Bundi,1334,32954,0.040479441662873615
Jammu and Kashmir,Badgam,190,4697,0.04044274159216688
Mizoram,Saiha,181,4477,0.040419830281375614
Rajasthan,Baran,1658,41044,0.04039468875624315
Uttar Pradesh,Muzaffarnagar,4575,113738,0.040223669981272914
Uttar Pradesh,Shamli,2613,65022,0.04018578041616044
West Bengal,Bankura,2122,53009,0.04003018298434258
Karnataka,Yadgir,1300,32589,0.039889536667689476
Rajasthan,Kota,1876,47161,0.039777787201560576
Karnataka,Chamrajnagar,24,603,0.039735099337748346
Rajasthan,Tonk,1656,41737,0.03967607456035268
Maharashtra,Ahmed Nagar,63,1602,0.039301310043668124
Jammu and Kashmir,Doda,763,19427,0.03927321391805642
Maharashtra,Nandurbar,2630,67146,0.03916779602960668
Telangana,Nagarkurnool,282,7210,0.03910691998335876
Gujarat,Kachchh,2605,67370,0.038666488548485256
Arunachal Pradesh,East Siang,86,2242,0.038341506910387874
Telangana,Komaram Bheem,189,4930,0.03832893936321233
West Bengal,Barddhaman,3006,78501,0.038292018037757
Andhra Pradesh,Nalgonda,216,5640,0.038291083141287006
Rajasthan,Pali,2696,70502,0.038239507538686296
Karnataka,Raichur,2056,53880,0.03815816335999703
Uttar Pradesh,Amroha,2476,64902,0.0381492380937707
Karnataka,Chamarajanagar,17,445,0.03811659192825112
Uttar Pradesh,Hamirpur,1398,36831,0.03795612510860122
Delhi,South East Delhi,9,239,0.0375
Gujarat,Surendra Nagar,1665,44699,0.03724832214765101
Odisha,Baleshwar,204,5494,0.03712465878070974
Jharkhand,Garhwa,1535,41415,0.03706297083252849
Rajasthan,Jhunjhunun,1776,48082,0.03693613127300709
Uttar Pradesh,Jhansi,2519,68211,0.03692898610215212
Andhra Pradesh,Medak,229,6281,0.036453358802929006
Arunachal Pradesh,Lower Subansiri,55,1530,0.035924232527759635
Arunachal Pradesh,Lower Dibang Valley,49,1373,0.03566229985443959
Rajasthan,Ajmer,2787,78270,0.03560705753088628
Jharkhand,East Singhbhum,2109,59424,0.035490113588557005
Uttar Pradesh,Auraiya,1547,43638,0.03544994156603039
Haryana,Gurgaon,1247,35245,0.03537990126539182
Gujarat,Valsad,1406,39767,0.03535505934419634
Maharashtra,Buldana,112,3169,0.03533123028391167
Odisha,Baudh,33,936,0.035218783351120594
Tripura,South Tripura,804,22883,0.03513371788148925
Arunachal Pradesh,Lohit,63,1796,0.035058430717863104
Kerala,Kannur,1722,49177,0.03501565740778397
Maharashtra,Palghar,3191,91196,0.03499018608068248
Jharkhand,Palamu,1994,57189,0.034866235355831436
Tamil Nadu,Viluppuram,781,22410,0.03484895810093258
Arunachal Pradesh,West Kameng,103,2967,0.034703504043126686
Madhya Pradesh,Dewas,1958,56452,0.03468371920004251
Rajasthan,Pratapgarh,1133,32886,0.034451302946453
Gujarat,Ahmedabad,5679,165891,0.03423311552094133
Madhya Pradesh,Khandwa,1232,36298,0.033940328934681394
Arunachal Pradesh,Kurung Kumey,44,1299,0.033846153846153845
Gujarat,Vadodara,2433,72719,0.03345709570957096
Uttar Pradesh,Allahabad,5946,177827,0.033436804102840945
Odisha,Sundargarh,105,3142,0.0334075723830735
Telangana,Sangareddy,468,14012,0.033397559409120106
Orissa,Nayagarh,12,361,0.03314917127071823
Karnataka,Gulbarga,703,21236,0.0331026039459434
Uttar Pradesh,Mahoba,1029,31178,0.03300298277686905
Jharkhand,Seraikela-Kharsawan,961,29138,0.03297985517691067
Telangana,Suryapet,297,9015,0.03294143744454303
Telangana,Jangoan,130,3951,0.03289473684210526
Madhya Pradesh,Vidisha,2206,67687,0.032590710317929324
Maharashtra,Mumbai,3881,119615,0.032445492241840554
Arunachal Pradesh,Pakke Kessang,1,30,0.03225806451612903
Rajasthan,Dausa,1807,56018,0.0322569128331459
Madhya Pradesh,Narsinghpur,1222,38006,0.032151972005156945
Tamil Nadu,Pudukkottai,1670,52246,0.031963557716232514
Maharashtra,Hingoli,1457,45691,0.031887420117307184
Gujarat,Sabarkantha,1173,37100,0.03161639847982534
Odisha,Subarnapur,60,1902,0.03152916447714135
Kerala,Kozhikode,1914,61123,0.03131339572017538
Punjab,Amritsar,1775,56802,0.031248349559002166
Bihar,Kishanganj,1782,57815,0.030821917808219176
Tamil Nadu,Ranipet,13,423,0.030660377358490566
Andhra Pradesh,Rangareddi,405,13261,0.030538380334791133
Telangana,Peddapalli,72,2370,0.030366933783213833
Punjab,Muktsar,28,923,0.030303030303030304
Orissa,Puri,26,861,0.030162412993039442
Telangana,K.v. Rangareddy,3681,122856,0.029961662746119472
Telangana,Yadadri.,205,6847,0.029935747663551403
Kerala,Ernakulam,1807,61215,0.02951842655514898
Chhattisgarh,Gaurela-pendra-marwahi,20,679,0.029411764705882353
Rajasthan,Hanumangarh,1271,43250,0.029386603777947332
Arunachal Pradesh,East Kameng,79,2690,0.029357116313638052
Chhattisgarh,Surajpur,720,24586,0.02928376784479603
Delhi,South West Delhi,1945,66558,0.029222193843056535
Tripura,Dhalai,607,20943,0.028982047364400305
Jharkhand,Simdega,594,20497,0.02897843692067519
Chhattisgarh,Jashpur,875,30250,0.028924663647482727
Jammu and Kashmir,Bandipore,308,10653,0.02890932982917214
Uttar Pradesh,Lalitpur,1305,45154,0.028900453991806
Delhi,South Delhi,2780,96661,0.028760009103887773
Madhya Pradesh,Ashok Nagar,1285,44837,0.02865872697265712
Gujarat,Panchmahals,1122,39189,0.02862975248787956
Kerala,Thrissur,1672,58766,0.028451341739411575
Arunachal Pradesh,Tirap,39,1371,0.028425655976676383
Manipur,Bishnupur,559,19678,0.028405914934701966
Andhra Pradesh,Karim Nagar,11,387,0.028350515463917526
Uttar Pradesh,Bara Banki,3218,114423,0.028123470600573307
Uttar Pradesh,Sonbhadra,2023,72009,0.028093320372170532
Orissa,Ganjam,48,1719,0.027906976744186046
Madhya Pradesh,Guna,2249,80661,0.027881778284694157
Tamil Nadu,Kancheepuram,3354,120462,0.027842574068386142
Rajasthan,Ganganagar,1276,46082,0.027689169541913503
Jammu and Kashmir,Ramban,597,21848,0.027323904984209803
Maharashtra,Nashik,5802,213100,0.027226526388895406
Uttar Pradesh,Bijnor,3843,143040,0.026866422913710056
Orissa,Bargarh,7,260,0.02681992337164751
Sikkim,North Sikkim,17,636,0.026687598116169546
Chhattisgarh,Koriya,504,19055,0.02644836272040302
Kerala,Kottayam,804,30704,0.02618466047874939
Dadra and Nagar Haveli and Daman and Diu,Daman,5,190,0.02617801047120419
Karnataka,Gadag *,10,383,0.026041666666666668
Kerala,Alappuzha,892,34603,0.02577736677840712
Jammu and Kashmir,Leh,42,1641,0.025578562728380026
Punjab,Malerkotla,146,5712,0.025555750043759845
Assam,Bongaigaon,626,24633,0.025412032150686045
Telangana,Medchal−malkajgiri,88,3466,0.025382174790885493
Kerala,Thiruvananthapuram,1394,55721,0.025017048921431393
Uttar Pradesh,Kushinagar *,1,39,0.025
Odisha,Kalahandi,1071,42854,0.024991249562478123
Orissa,Bhadrak,39,1564,0.024920127795527155
Gujarat,Gandhinagar,837,33686,0.024846379909163774
Odisha,Koraput,1165,47162,0.024701566906261265
Andhra Pradesh,Karimnagar,107,4338,0.024660059921640932
Delhi,North West Delhi,3293,133575,0.02465263220937893
Gujarat,Kheda,1224,49735,0.02460994048576484
Punjab,Kapurthala,446,18246,0.024442374088891324
Punjab,Firozpur,48,1965,0.024415055951169887
Telangana,Khammam,1079,44451,0.024273373526500493
Odisha,Mayurbhanj,1860,77366,0.024041257900655318
Tamil Nadu,Coimbatore,1804,75352,0.02394065266147333
Kerala,Pathanamthitta,480,20056,0.0239317943859999
Arunachal Pradesh,West Siang,80,3345,0.023909145248057383
Karnataka,Bangalore,1236,51767,0.023875753361149745
Madhya Pradesh,Sehore,1308,54978,0.02379090198075629
Odisha,Jagatsinghpur,68,2860,0.02376791331702202
Gujarat,Devbhumi Dwarka,422,17817,0.023683915141991245
Karnataka,Vijayapura,842,35601,0.023650356721532498
Chhattisgarh,Dantewada,126,5327,0.02364864864864865
Uttarakhand,Dehradun,1554,65769,0.023627793826972783
Telangana,Mahabubnagar,2463,104613,0.023543693960655362
Tamil Nadu,Karur,654,27884,0.02345346960731576
Karnataka,Bidar,896,38406,0.023329080636342335
Gujarat,Porbandar,332,14257,0.02328517323607799
Telangana,Mancherial,169,7258,0.023281443725030996
Mizoram,Champhai,269,11652,0.023084184330215394
Maharashtra,Pune,6536,283480,0.023056218935307835
Arunachal Pradesh,Tawang,43,1866,0.023031601499732192
Andhra Pradesh,Adilabad,281,12208,0.02301580801048407
Chhattisgarh,Uttar Bastar Kanker,162,7038,0.023014632760335274
Odisha,Rayagada,672,29519,0.022764227642276424
Kerala,Palakkad,1381,61028,0.02262858640973963
Karnataka,Hasan,49,2167,0.022601476014760147
Karnataka,Bagalkot,900,39884,0.022564874012786763
Tamil Nadu,Thiruvarur,816,36203,0.022538945972820683
Chhattisgarh,Surguja,679,30222,0.022466333587003277
Arunachal Pradesh,Upper Subansiri,55,2462,0.022330491270807957
Odisha,Bhadrak,1137,51497,0.022078527321449378
Gujarat,Mahisagar,397,18042,0.022002992850412902
Kerala,Kasaragod,798,36306,0.021979232654859945
Maharashtra,Latur,1631,74375,0.021929116919436376
Madhya Pradesh,Neemuch,764,34879,0.021903669724770643
Odisha,JAJPUR,456,20905,0.021811920022959917
Odisha,Kendujhar,1032,47370,0.021785480568280172
Maharashtra,Beed,2461,114059,0.021576363317552166
Tamil Nadu,Tiruchirappalli,1531,71253,0.02148651303786454
Tamil Nadu,Dindigul,1393,65029,0.021420882669537136
Chhattisgarh,Dakshin Bastar Dantewada,172,8064,0.021326720396776192
West Bengal,Purba Medinipur,1310,61435,0.021323002799661435
Chhattisgarh,Bilaspur,1432,67405,0.02124439960834347
Tamil Nadu,Tiruvallur,2665,125834,0.021178527436722692
Jammu and Kashmir,Punch,548,25883,0.021171380003090712
Tripura,West Tripura,764,36094,0.02116636653276077
Gujarat,Mahesana,908,42954,0.021138400651844955
Haryana,Yamunanagar,3,142,0.02097902097902098
Madhya Pradesh,Jabalpur,1713,82138,0.020854892316682697
Kerala,Kollam,1042,50033,0.02082583842986769
Telangana,Medak,1379,66461,0.020748698504408535
Tamil Nadu,Nagapattinam,732,35304,0.02073360713779918
Tamil Nadu,Thanjavur,1471,71305,0.020629400050486635
Andhra Pradesh,Nizamabad,71,3452,0.020561830292499274
Karnataka,Bellary,596,29044,0.020519882940265105
Karnataka,Koppal,650,31753,0.02046986206462178
Puducherry,Yanam,1,48,0.02040816326530612
Madhya Pradesh,Ujjain,1763,86924,0.020281852171412137
Madhya Pradesh,Harda,383,18957,0.020202553011921087
Tripura,Dhalai  *,4,197,0.020202020202020204
Madhya Pradesh,Satna,1946,96656,0.020133047787537373
Karnataka,Shimoga,149,7443,0.02001612036539495
Odisha,Balangir,924,46325,0.019945602901178604
Gujarat,Bhavnagar,1309,65784,0.01989815307440906
Jammu and Kashmir,Rajouri,594,29902,0.019864227669464603
Karnataka,Belgaum,880,44316,0.019856939774804253
Odisha,Boudh,245,12444,0.019686621132985135
Maharashtra,Nanded,2447,124730,0.019618218406009733
Gujarat,Jamnagar,799,40890,0.01953975202367269
Odisha,Bargarh,818,41870,0.0195361945021614
Manipur,Thoubal,638,32794,0.019454185089190425
Madhya Pradesh,Rajgarh,1594,83066,0.019189329095790145
Tamil Nadu,Chennai,2159,112681,0.019160114303970466
Maharashtra,Sangli,1802,94241,0.01912098639672333
Odisha,Kendrapara,753,39525,0.019050751404139046
Odisha,Baleswar,1147,60252,0.01903639652797371
Tamil Nadu,The Nilgiris,430,22599,0.01902654867256637
Karnataka,Ramanagar,379,20055,0.01889708815317112
Jammu and Kashmir,Kishtwar,205,10878,0.018843643717253424
Telangana,Warangal Rural,70,3736,0.018731602890018732
Tamil Nadu,Mayiladuthurai,64,3442,0.01858844031367993
Chhattisgarh,Mahasamund,563,30360,0.018543526234313757
Jammu and Kashmir,Baramula,528,28508,0.018520467220877617
Kerala,Wayanad,233,12585,0.01851263308437947
Andhra Pradesh,K.v. Rangareddy,4,216,0.018433179723502304
Madhya Pradesh,Shahdol,828,45413,0.01823226317875545
Madhya Pradesh,Raisen,1230,67598,0.018195535436914746
Dadra and Nagar Haveli and Daman and Diu,Dadra and Nagar Haveli,10,550,0.018148820326678767
Telangana,Kamareddy,144,7963,0.01808136614766449
Himachal Pradesh,Lahul & Spiti,2,110,0.018018018018018018
Jammu and Kashmir,Jammu,825,45866,0.01798678788671594
Karnataka,Haveri *,6,333,0.017964071856287425
Madhya Pradesh,Hoshangabad,812,45218,0.017957053450982995
Tripura,North Tripura,416,23177,0.017948054189317456
Odisha,Nuapada,413,23036,0.017927681555758128
Jammu and Kashmir,Kupwara,443,24776,0.017879485006255802
Odisha,Malkangiri,486,27302,0.017800241731677838
Madhya Pradesh,Ratlam,1478,83610,0.017677099903122794
Tripura,Gomati,204,11757,0.017349889436979078
Madhya Pradesh,Betul,1207,69579,0.017346938775510204
Telangana,Siddipet,174,10041,0.017327225652260504
Maharashtra,Jalgaon,2579,148853,0.017325701694277613
Haryana,Panipat,543,31426,0.01727813663410443
Gujarat,Amreli,587,33978,0.017275375967509343
Madhya Pradesh,Tikamgarh,1539,89448,0.017205334883564936
Madhya Pradesh,Mandsaur,808,46973,0.01720100481117214
Odisha,Jajapur,481,28109,0.01711134827463536
Madhya Pradesh,Shajapur,1070,62880,0.017016268825241328
Andhra Pradesh,Khammam,264,15536,0.016991697238849197
Arunachal Pradesh,Upper Siang,21,1235,0.01699029126213592
Telangana,Nirmal,106,6240,0.01698445761897132
Gujarat,Arvalli,322,19089,0.016867469879518072
Gujarat,Junagadh,568,33995,0.016707847982115543
Madhya Pradesh,Sagar,1882,112844,0.01667774380787806
Tamil Nadu,Erode,1045,64193,0.01627877994828177
Arunachal Pradesh,Anjaw,11,675,0.016272189349112426
Gujarat,Anand,828,50966,0.016245806109835777
Madhya Pradesh,Bhopal,1452,89809,0.016167464647589357
Jammu and Kashmir,Kulgam,232,14367,0.016146993318485525
Maharashtra,Solapur,2495,154623,0.01613591680463576
Punjab,SAS Nagar (Mohali),493,30755,0.0160293926388347
Maharashtra,Mumbai City,449,28377,0.01582211572344774
Chhattisgarh,Raigarh,625,39625,0.015772472618987534
Tamil Nadu,Sivaganga,685,43566,0.015722909541625543
Odisha,Cuttack,1025,65497,0.015649332804055085
Tamil Nadu,Tenkasi,118,7560,0.015606401269673324
Jammu and Kashmir,Udhampur,349,22370,0.015600554289034911
Tamil Nadu,Tiruppur,1109,71207,0.015574092798561959
Telangana,Nalgonda,1246,80121,0.01555128429145553
Manipur,Imphal West,559,36009,0.01552346570397112
Telangana,Warangal Urban,72,4643,0.015503875968992248
Karnataka,Gadag,349,22744,0.015344031655308859
Tripura,Unakoti,179,11699,0.015299145299145299
Manipur,Imphal East,564,36938,0.01526841549581743
Odisha,Kandhamal,438,28755,0.015231603839198776
Arunachal Pradesh,Namsai,54,3561,0.015160022459292532
Odisha,Puri,548,36327,0.015084783087425677
Karnataka,Chickmagalur,102,6808,0.01498017330004406
Chhattisgarh,Korba,489,32907,0.014859608605810138
Telangana,Jagitial,98,6634,0.014770158251695554
Andhra Pradesh,Warangal,201,13746,0.01462137193569506
Gujarat,The Dangs,186,12787,0.014544885830466063
Andaman & Nicobar Islands,Andamans,5,343,0.014534883720930232
Punjab,Jalandhar,732,50422,0.014517184618130615
Tamil Nadu,Theni,563,38916,0.01446668551018835
Odisha,Sonapur,221,15279,0.014463350785340313
Maharashtra,Yavatmal,1339,92600,0.014459887042256564
Haryana,Mewat,550,38268,0.014371945961483185
Karnataka,Mysuru,463,32289,0.014338804583462372
Andhra Pradesh,N. T. R,97,6788,0.014287818529974959
Maharashtra,Ahmadnagar,2338,164245,0.014234745442811393
Karnataka,Bangalore Rural,267,18760,0.0142316507648846
Tamil Nadu,Ramanathapuram,644,45471,0.01416256157635468
Chhattisgarh,Kanker,277,19607,0.01412688698490412
Andhra Pradesh,Bapatla,55,3899,0.014102564102564103
Tamil Nadu,Tirunelveli,1370,97249,0.014087403598971723
Tripura,Khowai,99,7029,0.014082503556187767
Odisha,Dhenkanal,525,37411,0.014032930610499305
Punjab,Patiala,769,54972,0.013988685354628636
Karnataka,Chikkaballapur,296,21218,0.013949762005749563
Punjab,Gurdaspur,558,40136,0.013902384333657224
Jammu and Kashmir,Shupiyan,128,9253,0.01383185649448887
Uttarakhand,Haridwar,1215,88084,0.013793494919679855
Andhra Pradesh,Alluri Sitharama Raju,116,8438,0.013745704467353952
Kerala,Idukki,271,19715,0.013745181578413472
Pondicherry,Pondicherry,69,5050,0.013660661255196991
Karnataka,Dakshina Kannada,530,38932,0.01361313024940282
Tamil Nadu,Salem,1608,118161,0.013608435876170003
Karnataka,Chamrajanagar,216,15916,0.013570396431488345
Chhattisgarh,Gariyaband,229,16883,0.013563136697465056
Odisha,Khorda,654,48459,0.013495666529096163
Odisha,Sundergarh,640,47566,0.01345470599365106
Jammu and Kashmir,Kathua,310,23058,0.013443774664989808
Madhya Pradesh,Niwari,16,1194,0.013389121338912133
Karnataka,Kalaburagi,602,45175,0.01332565964228794
Maharashtra,Nagpur,1502,112851,0.013309467266862794
Gujarat,Bharuch,508,38361,0.013242270997341118
Tamil Nadu,Vellore,1309,99121,0.01320594822541918
Maharashtra,Jalna,944,71820,0.013143788028571031
Chhattisgarh,Raipur,779,59735,0.013040712468193385
Maharashtra,Parbhani,1011,77890,0.012979676727734911
Maharashtra,Buldhana,1093,84533,0.012929708756240093
Tamil Nadu,Ariyalur,405,31344,0.012920721008135268
Tamil Nadu,Namakkal,606,47020,0.012887858616362902
Maharashtra,Akola,693,53986,0.012836423583455277
Odisha,Angul,413,32301,0.012785586031824656
Tamil Nadu,Dharmapuri,851,67201,0.012663313591857385
Andhra Pradesh,Palnadu,76,6007,0.012649800266311585
Jammu and Kashmir,Anantnag,340,26943,0.012618764845605701
Madhya Pradesh,Damoh,938,74879,0.012526709401709402
Tamil Nadu,Krishnagiri,910,73365,0.01240356568437696
Tamil Nadu,Thoothukkudi,877,70728,0.012399440116501011
Odisha,ANUGUL,1,80,0.012345679012345678
Chhattisgarh,Mungeli,355,28914,0.01227736468960747
Gujarat,Tapi,205,16731,0.01225197226870667
Madhya Pradesh,Rewa,1463,119788,0.012213141440365977
Tamil Nadu,Cuddalore,1093,90307,0.012103025202639854
Uttarakhand,Nainital,458,37930,0.012074556431414937
Karnataka,Mysore,214,17825,0.012004936609446876
Odisha,Sambalpur,317,26666,0.0118873514081074
Punjab,Hoshiarpur,401,33856,0.011843931830935996
Uttarakhand,Tehri Garhwal,324,27362,0.011840806929064796
Ladakh,Leh,13,1098,0.011828935395814377
Karnataka,Belagavi,622,52855,0.011767822006962313
Andhra Pradesh,Kakinada,84,7141,0.011761411369364323
Telangana,Rajanna Sircilla,51,4367,0.011675824175824176
Odisha,Jagatsinghapur,304,26284,0.011565531672056305
Tamil Nadu,Tirupattur,102,8965,0.01137631050635735
Maharashtra,Osmanabad,713,62688,0.011373606214806426
Mizoram,Lunglei,116,10249,0.011317073170731707
Odisha,Debagarh,95,8406,0.011300107053645772
Madhya Pradesh,Singrauli,859,76133,0.011282738329786955
Madhya Pradesh,Seoni,513,45852,0.011187926635116568
Andaman and Nicobar Islands,Nicobar,11,992,0.011077542799597181
Chhattisgarh,Janjgir-champa,572,51955,0.011009315574717068
Uttarakhand,Udham Singh Nagar,985,89690,0.010982149825512036
Karnataka,Chitradurga,326,29756,0.010955405450818296
Maharashtra,Raigarh,815,74452,0.010946503163069318
Madhya Pradesh,Anuppur,349,31994,0.01090795436786998
Uttarakhand,Uttarkashi,149,13663,0.010904566744730679
Haryana,Palwal,332,30617,0.010843294793912078
Chhattisgarh,Kawardha,257,23941,0.01073427449670036
Tamil Nadu,Villupuram,915,85898,0.010652044843362555
Karnataka,Ballari,267,25151,0.010615458015267176
Odisha,Gajapati,318,30076,0.010572862985005153
Odisha,Ganjam,996,94544,0.01053466603204823
Andhra Pradesh,Eluru,45,4288,0.01049195616693868
Tamil Nadu,Virudhunagar,627,59765,0.01049091456681056
Chhattisgarh,Baloda Bazar,562,53691,0.010467108694032631
Karnataka,Udupi,210,20128,0.010432709026777287
Telangana,Adilabad,467,44923,0.010395334342445018
Punjab,Tarn Taran,273,26674,0.010234301780693534
Tamil Nadu,Madurai,1024,100202,0.01021925491252757
Karnataka,Chikkamagaluru,95,9401,0.010104233141884706
Andhra Pradesh,Y. S. R,52,5183,0.010030864197530864
Telangana,Karimnagar,686,68569,0.010004375091147733
Karnataka,Kolar,314,31388,0.010003504412373762
Maharashtra,Amravati,1025,103569,0.009896688230182485
Madhya Pradesh,Chhindwara,625,63350,0.009865669050212309
Himachal Pradesh,Kullu,111,11409,0.009728308501314637
Arunachal Pradesh,Dibang Valley,3,313,0.009554140127388535
Himachal Pradesh,Kinnaur,21,2221,0.009450945094509451
Karnataka,Uttara Kannada,221,23598,0.0093648035933726
Uttarakhand,Pithoragarh,146,15610,0.009352379732240087
Karnataka,Tumkur,188,20241,0.00928761980041498
Telangana,Nizamabad,583,63114,0.009237106868414799
Tamil Nadu,Perambalur,232,25143,0.00922685332484887
Punjab,Fazilka,271,29691,0.00912703758588172
Andhra Pradesh,Anantapur,326,35834,0.009097251290637645
Karnataka,Kodagu,75,8269,0.009068923821039904
Telangana,Warangal,490,54305,0.009022944057746842
Odisha,Nayagarh,271,30128,0.008994656311195195
Mizoram,Aizawl,236,26633,0.008860854546819855
Karnataka,Davangere,352,39870,0.00882847182162474
Chhattisgarh,Bemetara,302,34486,0.008756922898483486
Madhya Pradesh,Sidhi,671,77260,0.008684847465085879
Karnataka,Dharwad,351,41268,0.008505173374688023
Andhra Pradesh,Prakasam,1157,136533,0.008474079716407635
Karnataka,Shivamogga,182,21668,0.008399095482025012
Maharashtra,Kolhapur,985,118410,0.00831848392463538
Gujarat,Navsari,201,24168,0.008316438412842898
Punjab,Fatehgarh Sahib,144,17318,0.008314567815693747
Andhra Pradesh,Annamayya,48,5790,0.008288723881885684
Jammu and Kashmir,Srinagar,270,32589,0.008284749923289352
Tamil Nadu,Tiruvannamalai,677,82696,0.008186512207214289
Uttarakhand,Champawat,96,11728,0.00818484099241197
Jammu and Kashmir,Ganderbal,59,7268,0.008116659788141422
Uttarakhand,Bageshwar,65,8018,0.008105748846489588
Himachal Pradesh,Shimla,161,19863,0.00810511478050745
Goa,North Goa,146,18320,0.0079689973254735
Karnataka,Haveri,266,34207,0.0077759588400374184
Uttarakhand,Almora,131,16853,0.007772635576124363
Haryana,Sonipat,268,34624,0.007740072202166065
Andhra Pradesh,Nellore,754,99065,0.007611087557789756
Haryana,Mahendragarh,155,20501,0.007560238025558482
Madhya Pradesh,Mandla,261,34924,0.007473156764495347
Haryana,Rohtak,191,25700,0.007431617446791954
Madhya Pradesh,Dindori,249,33514,0.00742950917499627
Madhya Pradesh,Balaghat,540,72713,0.007426355309844046
Punjab,Shaheed Bhagat Singh Nagar,101,13729,0.007356154406409323
Andhra Pradesh,Parvathipuram Manyam,36,5090,0.007071302298173247
Uttarakhand,Rudraprayag,82,11684,0.007017543859649123
Andhra Pradesh,Sri Sathya Sai,40,5704,0.007011393514460999
Punjab,Bathinda,298,42639,0.00698874296435272
Maharashtra,Gadchiroli,268,38590,0.006944624394288824
Chhattisgarh,Rajnandgaon,371,53657,0.006914160050691416
Maharashtra,Satara,717,103754,0.006910510336851236
Andhra Pradesh,Dr. B. R. Ambedkar Konaseema,30,4352,0.006891798759476223
Punjab,Moga,159,23084,0.006887589343729694
Jammu and Kashmir,Samba,47,6837,0.00687335478210003
Uttarakhand,Pauri Garhwal,165,24167,0.00682720953326713
Goa,South Goa,108,15915,0.006785624528776075
Chhattisgarh,Durg,520,76883,0.006763435825399303
Maharashtra,Washim,300,44911,0.006679729248307802
Punjab,Faridkot,99,15023,0.006589456869009584
Dadra and Nagar Haveli,Dadra and Nagar Haveli,71,10791,0.006578947368421052
Odisha,Jharsuguda,86,13418,0.0064088233102317605
Mizoram,Kolasib,51,8032,0.0063488111539897925
Haryana,Charkhi Dadri,19,3023,0.006283068783068783
Gujarat,Narmada,96,15333,0.006260597365331942
Andhra Pradesh,Nandyal,39,6337,0.006153360681603029
Karnataka,Tumakuru,161,26620,0.0060478569550354985
Haryana,Rewari,150,24987,0.00600288138306387
Punjab,Sri Muktsar Sahib,150,25553,0.005869922517022775
Jammu and Kashmir,Pulwama,118,20582,0.005732886362532187
Maharashtra,Chandrapur,375,65688,0.005708718354671254
Uttarakhand,Chamoli,77,13657,0.005637721481915361
Chhattisgarh,Kabeerdham,92,16628,0.005532503457814661
Haryana,Karnal,179,32424,0.005520431765612953
Punjab,Sangrur,203,37125,0.005467866185422615
Haryana,Hisar,289,53323,0.0054196984472282645
Puducherry,Karaikal,30,5587,0.005368647100930566
Punjab,Rupnagar,93,17432,0.00533471003269661
Karnataka,Hassan,142,27002,0.0052586749620412545
Puducherry,Puducherry,85,16187,0.005250803063998023
Punjab,Pathankot,67,12987,0.005158607945796119
Haryana,Panchkula,92,18303,0.005026223776223776
Andhra Pradesh,Guntur,925,187665,0.004928969552289706
Tamil Nadu,Kanniyakumari,135,27515,0.004906236371565635
Punjab,Barnala,79,16109,0.004903786468032278
Haryana,Sirsa,198,40642,0.004871687621484634
Punjab,Mansa,107,22379,0.004781054512957998
Karnataka,Mandya,150,31387,0.0047788963935261886
Mizoram,Mammit,8,1723,0.004640371229698376
Punjab,Ferozepur,114,24604,0.004633204633204633
Haryana,Ambala,122,26591,0.004587845968712394
Daman and Diu,Daman,11,2411,0.004560530679933665
Lakshadweep,Lakshadweep,10,2226,0.00449034575662326
Himachal Pradesh,Sirmaur,67,15275,0.0043859649122807015
Chandigarh,Chandigarh,211,49166,0.004291496328838448
Tamil Nadu,Kanyakumari,92,21726,0.004234362774428131
Haryana,Bhiwani,152,37865,0.004014155178788359
Himachal Pradesh,Solan,65,16252,0.003999261674767735
Haryana,Jhajjar,99,24917,0.003973031543462557
Himachal Pradesh,Chamba,64,16275,0.00393217006635537
Andhra Pradesh,Chittoor,659,168710,0.0039060879255057466
Maharashtra,Ratnagiri,219,56842,0.003852717133156237
Andhra Pradesh,Krishna,540,146788,0.0036787497700781395
Andhra Pradesh,Cuddapah,413,115127,0.0035873115141407826
Andhra Pradesh,Anakapalli,12,3542,0.003386960203217612
Andhra Pradesh,Kurnool,823,242992,0.003386928841571568
Haryana,Kurukshetra,78,23358,0.003339184040412689
Chhattisgarh,Dhamtari,89,26826,0.003317553211316957
Haryana,Yamuna Nagar,110,33592,0.0032744917095823534
Mizoram,Serchhip,16,4895,0.0032679738562091504
Haryana,Fatehabad,92,29864,0.0030805290473798763
Mizoram,Mamit,27,8827,0.003058450385138197
Maharashtra,Gondiya,104,35448,0.002933792208524923
Maharashtra,Sindhudurg,59,21284,0.0027719050974864927
Daman & Diu,Daman,1,360,0.002770083102493075
Jammu and Kashmir,Budgam,51,18502,0.0027563097876020103
Chhattisgarh,Balod,71,26841,0.002645108412189852
Haryana,Jind,92,34877,0.0026377659269453523
Andhra Pradesh,East Godavari,507,204904,0.0024743173665845147
Haryana,Kaithal,85,34402,0.0024707147632473912
Andhra Pradesh,West Godavari,343,139979,0.002450350050007144
Andhra Pradesh,Ananthapur,151,64082,0.002356319148604154
Andhra Pradesh,Visakhapatnam,460,195385,0.0023543140245462827
Maharashtra,Wardha,89,41487,0.002145198611646741
Telangana,Medchal?malkajgiri,1,490,0.002036659877800407
Andaman and Nicobar Islands,South Andaman,12,6629,0.0018099547511312218
Himachal Pradesh,Lahul and Spiti,1,557,0.0017921146953405018
Andhra Pradesh,Ananthapuramu,159,90533,0.001756246272118762
Maharashtra,Bhandara,55,31856,0.0017264651410992874
Himachal Pradesh,Kangra,75,44703,0.0016777022190408017
Andhra Pradesh,Vizianagaram,158,101296,0.0015597697858771731
Himachal Pradesh,Mandi,43,28869,0.001489435400069276
Himachal Pradesh,Bilaspur,14,9673,0.001447178002894356
Himachal Pradesh,Hamirpur,16,11206,0.0014276791291157312
Himachal Pradesh,Una,21,15138,0.0013871457824162759
Daman and Diu,Diu,2,1804,0.00110803324099723
Andhra Pradesh,Srikakulam,135,125178,0.001078455651507042
Andaman and Nicobar Islands,North And Middle Andaman,4,3780,0.0010579211848717272
Jharkhand,Bokaro *,0,1,0.0
Tamil Nadu,Tirupathur,0,50,0.0
Tamil Nadu,Tiruvarur,0,0,0.0
Karnataka,Chamarajanagar *,0,16,0.0
Andhra Pradesh,Mahabubnagar,0,39,0.0
West Bengal,NADIA,0,0,0.0
West Bengal,South 24 parganas,0,0,0.0
Jammu & Kashmir,Bandipur,0,0,0.0
Rajasthan,Salumbar,0,0,0.0
Himachal Pradesh,Lahaul and Spiti,0,15,0.0
Meghalaya,Jaintia Hills,0,1,0.0
ODISHA,NUAPADA,0,9,0.0
Maharashtra,Hingoli *,0,0,0.0
Rajasthan,Didwana-Kuchaman,0,1,0.0
Odisha,ANGUL,0,3,0.0
Puducherry,Pondicherry,0,6,0.0
Orissa,Nuapada,0,0,0.0
Orissa,Sonapur,0,18,0.0
Orissa,Subarnapur,0,12,0.0
Jammu & Kashmir,Punch,0,1,0.0
Jammu & Kashmir,Pulwama,0,1,0.0
Jammu & Kashmir,Leh (ladakh),0,9,0.0
Jammu & Kashmir,Udhampur,0,0,0.0
Jammu & Kashmir,Kathua,0,25,0.0
Rajasthan,Balotra,0,0,0.0
Rajasthan,Beawar,0,2,0.0
Jammu & Kashmir,Doda,0,2,0.0
Daman & Diu,Diu,0,171,0.0
Mizoram,Hnahthial,0,10,0.0
Goa,Bardez,0,9,0.0
WESTBENGAL,HOOGHLY,0,5,0.0
Orissa,Jharsuguda,0,20,0.0
Orissa,Gajapati,0,9,0.0
Orissa,Debagarh,0,2,0.0
Orissa,Baudh,0,0,0.0
Orissa,Kalahandi,0,3,0.0
Chandigarh,Rupnagar,0,3,0.0
Karnataka,Udupi *,0,2,0.0
Karnataka,Bijapur(KAR),0,3,0.0
West Bengal,East Midnapur,0,0,0.0
West Bengal,Burdwan,0,1,0.0
West Bengal,Hooghiy,0,1,0.0
West Bengal,HOOGHLY,0,1,0.0
Andaman & Nicobar Islands,South Andaman,0,61,0.0
Andaman & Nicobar Islands,Nicobars,0,1,0.0
andhra pradesh,chittoor,0,17,0.0
andhra pradesh,rangareddi,0,2,0.0
